<?xml version="1.0"?>

<!-- 
	Simple TA and NQ build time instrumentation sample.

	This version uses db4o-enhance instead of db4o-instrument. db4o-enhance provides a default
	configuration for NQ/TA instrumentation, while db4o-instrument requires to configure
	(and optionally fine-tune) the single instrumentation steps. Other than that, the
	configuration options for the two are identical.
-->

<project name="enhance_db4o" default="run-enhanced">

<!-- The classpath needed for the enhancement process, including the application classpath -->
<path id="db4o.enhance.path">
	<pathelement path="${basedir}" />
	<fileset dir="lib">
		<include name="**/*.jar"/>
	</fileset>
</path>

<!-- Define enhancement tasks (from resource in db4otools.jar). -->
<typedef
	resource="instrumentation-def.properties"
	classpathref="db4o.enhance.path" />


<target name="compile">
	
	<mkdir dir="${basedir}/bin" />
	<delete dir="${basedir}/bin" quiet = "true">
		<include name="**/*"/>
	</delete>
	
	<javac srcdir="${basedir}/src" destdir="${basedir}/bin">
		<classpath refid="db4o.enhance.path" />
	</javac>
	
</target>


<target name="enhance" depends="compile">

	<!-- Prepare the target folders -->
	<mkdir dir="${basedir}/enhanced-bin" />
	<delete dir="${basedir}/enhanced-bin" quiet = "true">
		<include name="**/*"/>
	</delete>
	<mkdir dir="${basedir}/enhanced-lib" />
	<delete dir="${basedir}/enhanced-lib" quiet = "true">
		<include name="**/*"/>
	</delete>       		

	<db4o-enhance classTargetDir="${basedir}/enhanced-bin" jarTargetDir="${basedir}/enhanced-lib">

		<classpath refid="db4o.enhance.path" />		
		<!-- Fileset for original class files to be instrumented -->
		<sources dir="${basedir}/bin" />
		<!-- Fileset for original jars to be instrumented -->
		<jars dir="${basedir}/lib">
			<include name="pilot.jar" />
		</jars>
		
	</db4o-enhance>
	
</target>
	

<target name="run-unenhanced" depends="compile">
	
	<java classname="enhancement.EnhancerMain" failonerror="true">
		<classpath>
			<pathelement location="${basedir}/bin" />
			<pathelement location="${basedir}/lib/pilot.jar" />
			<path refid="db4o.enhance.path" />
		</classpath>
	</java>
	
</target>


<target name="run-enhanced" depends="enhance">
	
	<java classname="enhancement.EnhancerMain" failonerror="true">
		<classpath>
			<pathelement location="${basedir}/enhanced-bin" />
			<pathelement location="${basedir}/enhanced-lib/pilot.jar" />
			<path refid="db4o.enhance.path" />
		</classpath>
	</java>
	
</target>


</project>